Phone.Phone_number,primary,id,name
,True,1,Alyssa Cooley
,True,2,Brooke Rocha
,True,3,Rebekah Diaz
,True,4,Kayla Russell
,True,5,Ernest Price
,True,6,Karen Velasquez
,True,7,Suzanne Johnson
,True,8,Cynthia Carter
,True,9,Jacqueline Wise
,True,10,Melanie Adams
,True,11,Ronald Durham
,True,12,Amanda Garrett
,True,13,Keith Christensen
,True,14,Michael Alvarez
,True,15,Kristen Grant
,True,16,Dennis Winters
,True,17,Dana Jones
,True,18,Christina Bailey
,True,19,Mathew Allison
,True,20,Kristy Terry
,True,21,Dana Johnson
,True,22,Mary Moss
,True,23,Antonio Smith
,True,24,Michael Powell
,True,25,Ashley Martinez
,True,26,David Ray
,True,27,Shawn Rogers
,True,28,Rebekah Garrett
,True,29,Amy Holt
,True,30,Brenda Aguilar
,True,31,Douglas Hernandez
,True,32,Bryan Hunt
,True,33,Brooke Park
,True,34,Darren Rodgers
,True,35,Shelia Myers
,True,36,Rebecca Flores
,True,37,Laura Alexander
,True,38,Angela Lee
,True,39,Christopher Gordon
,True,40,Cynthia Parsons
,True,41,Alexander Kelly
,True,42,Zachary Jackson
,True,43,Carolyn Griffith
,True,44,Charles Matthews
,True,45,James Flores
,True,46,Gregory Jackson
,True,47,Wendy Johnson
,True,48,Ernest Duncan
,True,49,Cynthia James
,True,50,Richard Ortiz
,True,51,Ann Ramirez
,True,52,Henry Coleman
,True,53,Marcus Harris
,True,54,Cole Combs
,True,55,Robert Johnson
,True,56,Elizabeth Barnett
,True,57,David Conrad
,True,58,Tiffany Garcia
,True,59,Louis Roberts
,True,60,Hannah Carson
,True,61,Nicholas Chan
,True,62,Karen Mitchell
,True,63,Patricia Hanson
,True,64,Bob Houston
,True,65,Alex Weaver
,True,66,Jeffrey Berry
,True,67,Brian Jimenez
,True,68,Whitney Price
,True,69,Michael Blair
,True,70,Albert Jones
,True,71,Edward Mcdonald
,True,72,James Stark
,True,73,Connor Harper
,True,74,Molly Estes
,True,75,Chelsea Michael
,True,76,Joel Schwartz
,True,77,Jillian Garrison
,True,78,Thomas Gregory
,True,79,Johnathan Romero
,True,80,Jennifer Berry
,True,81,Angela Mills
,True,82,Julie Wilson
,True,83,Elijah Gonzalez
,True,84,Crystal Maldonado
,True,85,Jessica Alexander
,True,86,Crystal King
,True,87,James Jackson
,True,88,Brian Brown
,True,89,Melissa Johnson
,True,90,Brian Williams
,True,91,Dylan Oliver
,True,92,Tina Duncan
,True,93,James Harrison
,True,94,Susan Cruz
,True,95,Nicholas May
,True,96,Linda Massey
,True,97,Christine Perez
,True,98,Carla Grant
,True,99,Anthony Olsen
,True,100,Bethany Smith
